StartDate,EndDate,Status,IPAddress,Progress,Duration (in seconds),Finished,RecordedDate,ResponseId,RecipientLastName,RecipientFirstName,RecipientEmail,ExternalReference,LocationLatitude,LocationLongitude,DistributionChannel,UserLanguage,Q27,Q6,Q7,Q8,Q24,Q12_1,Q12_2,Q12_3,Q12_4,Q12_5,Q12_6,Q12_7,Q12_8,Q12_9,Q12_10,Q39_0_GROUP,Q39_0_1_RANK,Q39_0_2_RANK,Q39_0_3_RANK,Q39_0_4_RANK,Q39_0_5_RANK,Q39_0_6_RANK,Q39_0_7_RANK,Q37,Q13,Q14,Q16,Q15_1,Q15_2,Q15_3,Q15_4,Q15_5,Q15_6,Q15_7,Q21_1,Q21_2,Q21_3,Q32,Q43_1,Q43_2,Q43_3,Q44,Q20,Q33,Q34,Q35
Start Date,End Date,Response Type,IP Address,Progress,Duration (in seconds),Finished,Recorded Date,Response ID,Recipient Last Name,Recipient First Name,Recipient Email,External Data Reference,Location Latitude,Location Longitude,Distribution Channel,User Language,"How frequently do you drink a cup of coffee, on average?",Have you heard of the brand Douwe Egberts?,I have an opinion about the brand Douwe Egberts.,I am well aware of the brand Douwe Egberts.,"If there are other brands similar to this one in terms of quality, I would still prefer Douwe Egberts.",To what degree do you associate the following qualities with Douwe Egberts? - Down-to-earth,To what degree do you associate the following qualities with Douwe Egberts? - Warmth,To what degree do you associate the following qualities with Douwe Egberts? - Excitement,To what degree do you associate the following qualities with Douwe Egberts? - Trendy,To what degree do you associate the following qualities with Douwe Egberts? - Reliable,To what degree do you associate the following qualities with Douwe Egberts? - Expertise,To what degree do you associate the following qualities with Douwe Egberts? - Upper class,To what degree do you associate the following qualities with Douwe Egberts? - Glamorous,To what degree do you associate the following qualities with Douwe Egberts? - Likability,To what degree do you associate the following qualities with Douwe Egberts? - Uniqueness,Which of the following brands has your highest preference? Please select at least a minimum of one brand and a maximum of three brands. - Groups - Top 3 Most preferred brands,Which of the following brands has your highest preference? Please select at least a minimum of one brand and a maximum of three brands. - Ranks - Top 3 Most preferred brands - Douwe Egberts - Rank,Which of the following brands has your highest preference? Please select at least a minimum of one brand and a maximum of three brands. - Ranks - Top 3 Most preferred brands - Nespresso - Rank,Which of the following brands has your highest preference? Please select at least a minimum of one brand and a maximum of three brands. - Ranks - Top 3 Most preferred brands - Lavazza - Rank,Which of the following brands has your highest preference? Please select at least a minimum of one brand and a maximum of three brands. - Ranks - Top 3 Most preferred brands - Starbucks - Rank,Which of the following brands has your highest preference? Please select at least a minimum of one brand and a maximum of three brands. - Ranks - Top 3 Most preferred brands - Illy - Rank,Which of the following brands has your highest preference? Please select at least a minimum of one brand and a maximum of three brands. - Ranks - Top 3 Most preferred brands - Segafredo - Rank,Which of the following brands has your highest preference? Please select at least a minimum of one brand and a maximum of three brands. - Ranks - Top 3 Most preferred brands - Other - Rank,"If ""Other"" was part of your most preferred brands, please indicate which brand this is. (optional)",To what extent are you satisfied with the quality of Douwe Egberts products?,How often do you purchase Douwe Egberts products? Please select the option that comes closest to your purchasing behaviour.,From where do you most frequently purchase Douwe Egberts products?,"Why do you buy Douwe Egberts products? Please drag and drop the categories underneath to make a ranking from 1 to 7.
For example: If ""convenience"" is ranked at number 1, this means that you mainly choose to purchase Douwe Egberts products because of the convenience the brand offers. - Price","Why do you buy Douwe Egberts products? Please drag and drop the categories underneath to make a ranking from 1 to 7.
For example: If ""convenience"" is ranked at number 1, this means that you mainly choose to purchase Douwe Egberts products because of the convenience the brand offers. - Quality","Why do you buy Douwe Egberts products? Please drag and drop the categories underneath to make a ranking from 1 to 7.
For example: If ""convenience"" is ranked at number 1, this means that you mainly choose to purchase Douwe Egberts products because of the convenience the brand offers. - Convenience","Why do you buy Douwe Egberts products? Please drag and drop the categories underneath to make a ranking from 1 to 7.
For example: If ""convenience"" is ranked at number 1, this means that you mainly choose to purchase Douwe Egberts products because of the convenience the brand offers. - Availability","Why do you buy Douwe Egberts products? Please drag and drop the categories underneath to make a ranking from 1 to 7.
For example: If ""convenience"" is ranked at number 1, this means that you mainly choose to purchase Douwe Egberts products because of the convenience the brand offers. - The character of the brand","Why do you buy Douwe Egberts products? Please drag and drop the categories underneath to make a ranking from 1 to 7.
For example: If ""convenience"" is ranked at number 1, this means that you mainly choose to purchase Douwe Egberts products because of the convenience the brand offers. - Brand cultural heritage","Why do you buy Douwe Egberts products? Please drag and drop the categories underneath to make a ranking from 1 to 7.
For example: If ""convenience"" is ranked at number 1, this means that you mainly choose to purchase Douwe Egberts products because of the convenience the brand offers. - Other",To what extent do you think that the following product categories are consistent with the Douwe Egberts brand? - Textiles,To what extent do you think that the following product categories are consistent with the Douwe Egberts brand? - Kitchen utensils,To what extent do you think that the following product categories are consistent with the Douwe Egberts brand? - Stationary,Please write down why you think some product categories fit better than others. (optional),How likely are you to purchase from the following product categories if Douwe Egberts were to produce them? - Textiles,How likely are you to purchase from the following product categories if Douwe Egberts were to produce them? - Kitchen utensils,How likely are you to purchase from the following product categories if Douwe Egberts were to produce them? - Stationary,Please write down why you would purchase from certain categories over the other(s) (optional),To what extent do you think it is important to buy a sustainable product?,What is your gender?,What is your age in years??,Do you have any closing remarks about the survey? (optional)
"{""ImportId"":""startDate"",""timeZone"":""Europe/Berlin""}","{""ImportId"":""endDate"",""timeZone"":""Europe/Berlin""}","{""ImportId"":""status""}","{""ImportId"":""ipAddress""}","{""ImportId"":""progress""}","{""ImportId"":""duration""}","{""ImportId"":""finished""}","{""ImportId"":""recordedDate"",""timeZone"":""Europe/Berlin""}","{""ImportId"":""_recordId""}","{""ImportId"":""recipientLastName""}","{""ImportId"":""recipientFirstName""}","{""ImportId"":""recipientEmail""}","{""ImportId"":""externalDataReference""}","{""ImportId"":""locationLatitude""}","{""ImportId"":""locationLongitude""}","{""ImportId"":""distributionChannel""}","{""ImportId"":""userLanguage""}","{""ImportId"":""QID73""}","{""ImportId"":""QID52""}","{""ImportId"":""QID53""}","{""ImportId"":""QID54""}","{""ImportId"":""QID70""}","{""ImportId"":""QID58_1""}","{""ImportId"":""QID58_2""}","{""ImportId"":""QID58_3""}","{""ImportId"":""QID58_4""}","{""ImportId"":""QID58_5""}","{""ImportId"":""QID58_6""}","{""ImportId"":""QID58_7""}","{""ImportId"":""QID58_8""}","{""ImportId"":""QID58_9""}","{""ImportId"":""QID58_10""}","{""ImportId"":""QID85_0_GROUP""}","{""ImportId"":""QID85_G0_1_RANK""}","{""ImportId"":""QID85_G0_2_RANK""}","{""ImportId"":""QID85_G0_3_RANK""}","{""ImportId"":""QID85_G0_4_RANK""}","{""ImportId"":""QID85_G0_5_RANK""}","{""ImportId"":""QID85_G0_6_RANK""}","{""ImportId"":""QID85_G0_7_RANK""}","{""ImportId"":""QID83_TEXT""}","{""ImportId"":""QID59""}","{""ImportId"":""QID60""}","{""ImportId"":""QID62""}","{""ImportId"":""QID61_1""}","{""ImportId"":""QID61_2""}","{""ImportId"":""QID61_3""}","{""ImportId"":""QID61_4""}","{""ImportId"":""QID61_5""}","{""ImportId"":""QID61_6""}","{""ImportId"":""QID61_7""}","{""ImportId"":""QID67_1""}","{""ImportId"":""QID67_2""}","{""ImportId"":""QID67_3""}","{""ImportId"":""QID78_TEXT""}","{""ImportId"":""QID89_1""}","{""ImportId"":""QID89_2""}","{""ImportId"":""QID89_3""}","{""ImportId"":""QID90_TEXT""}","{""ImportId"":""QID66""}","{""ImportId"":""QID79""}","{""ImportId"":""QID80_TEXT""}","{""ImportId"":""QID81_TEXT""}"
2020-09-30 10:09:18,2020-09-30 10:12:01,Survey Preview,,100,163,True,2020-09-30 10:12:01,R_1PcUMO5CxsF7EeD,,,,,52.69580078125,6.1956024169921875,preview,EN,Monthly,Yes,Agree,Slightly agree,Agree,Neutral,Neutral,Slightly agree,Slightly agree,Slightly agree,Neutral,Slightly agree,Totally agree,Slightly agree,Slightly agree,"Douwe Egberts,Lavazza,Starbucks",1,,2,3,,,,,Very satisfied,2-3 times per month,Cafe,6,1,5,4,2,3,,Very consistent,Consistent,Neutral,,,,,,Quite important,Male,20,
2020-09-30 16:27:15,2020-09-30 16:31:25,IP Address,143.179.122.217,100,249,True,2020-09-30 16:31:26,R_WD8Z35UDSvT1nzj,,,,,52.0182037353515625,4.4456024169921875,anonymous,EN,Daily,Yes,Slightly agree,Neutral,Slightly disagree,Totally agree,Totally agree,Slightly disgaree,Slightly disgaree,Slightly agree,Slightly agree,Slightly disgaree,Slightly disgaree,Slightly agree,Slightly disgaree,"Starbucks,Nespresso,Douwe Egberts",3,2,,1,,,,,Satisfied,2-3 times per month,Coffee machines,4,1,3,2,5,6,,Inconsistent,Consistent,Consistent,,,,,,Quite unimportant,Female,23,
2020-10-01 10:25:22,2020-10-01 10:32:58,IP Address,84.28.229.6,100,456,True,2020-10-01 10:33:00,R_2V8fuk3Fh8bdKUc,,,,,53.218902587890625,6.5475006103515625,anonymous,EN,Weekly,Yes,Slightly agree,Agree,Agree,Slightly agree,Neutral,Totally disagree,Totally disagree,Slightly agree,Totally agree,Slightly disgaree,Totally disagree,Totally agree,Slightly agree,"Douwe Egberts,Nespresso,Starbucks",1,2,,3,,,,,Very satisfied,2-3 times per month,Coffee machines,3,2,4,1,5,6,7,Inconsistent,Consistent,Inconsistent,I don't relate coffee to bedsheets and notebooks. I think it fits better in the kitchen.,Unlikely,Neutral,Unlikely,,Quite unimportant,Male,25,
2020-10-01 10:34:57,2020-10-01 10:39:52,IP Address,213.127.97.35,100,294,True,2020-10-01 10:39:52,R_3NQAAZ4rQD8wLqI,,,,,52.3594970703125,4.8686065673828125,anonymous,NL,Daily,Yes,Neutral,Slightly agree,Disagree,Neutral,Neutral,Totally disagree,Totally disagree,Slightly agree,Slightly agree,Slightly agree,Slightly disgaree,Neutral,Slightly disgaree,"Other,Lavazza,Nespresso",,3,2,,,,1,Kanis en Gunnik,Neutral,Never,,,,,,,,,Consistent,Neutral,Very inconsistent,"Zelfde product categorie ",Likely,Likely,Very unlikely,,Quite important,Male,24,
2020-10-01 17:31:51,2020-10-01 17:37:26,IP Address,94.212.59.248,100,335,True,2020-10-01 17:37:27,R_3nilKX7DcFBoPQp,,,,,53.206298828125,6.569000244140625,anonymous,NL,Daily,Yes,Slightly agree,Slightly agree,Slightly disagree,Neutral,Slightly agree,Slightly disgaree,Slightly disgaree,Slightly agree,Slightly agree,Slightly agree,Slightly agree,Neutral,Slightly agree,"Other,Douwe Egberts,Nespresso",2,3,,,,,1,max havelaar,Satisfied,2-3 per year,Cafe,6,2,3,1,4,5,7,Inconsistent,Consistent,Consistent,ik associeer koffie met keuken en werk (je werkt aan een bureau),Unlikely,Unlikely,Unlikely,,Neutral,Male,30,
2020-10-01 22:20:00,2020-10-01 22:22:24,IP Address,92.64.249.224,100,143,True,2020-10-01 22:22:24,R_1QASNcEGSAhTyWK,,,,,53.047393798828125,6.6410980224609375,anonymous,NL,Daily,Yes,Neutral,Neutral,Neutral,Neutral,Slightly agree,Slightly agree,Totally agree,Slightly agree,Slightly agree,Totally agree,Slightly agree,Neutral,Neutral,"Douwe Egberts,Nespresso,Segafredo",1,2,,,,3,,,Neutral,1 time per year,Supermarket,4,1,2,3,5,6,7,Consistent,Neutral,Consistent,,Neutral,Unlikely,Likely,,Neutral,Male,27,
2020-10-02 21:37:30,2020-10-02 21:40:04,IP Address,94.212.54.54,100,154,True,2020-10-02 21:40:10,R_0uMVtaDL9uKHUJz,,,,,53.2252960205078125,6.581298828125,anonymous,NL,Never,Yes,Disagree,Agree,Neutral,Slightly agree,Slightly agree,Slightly disgaree,Slightly disgaree,Slightly agree,Slightly agree,Slightly agree,Slightly disgaree,Slightly agree,Neutral,"Nespresso,Douwe Egberts,Segafredo",2,1,,,,3,,,Neutral,Never,,,,,,,,,Consistent,Consistent,Inconsistent,,Neutral,Neutral,Neutral,,Quite important,Female,22,
2020-10-03 13:26:43,2020-10-03 13:37:04,IP Address,217.105.100.155,100,620,True,2020-10-03 13:37:05,R_3hz0YgUwsV4Zh2y,,,,,53.2252960205078125,6.581298828125,anonymous,NL,Daily,Yes,Agree,Agree,Slightly agree,Totally agree,Totally agree,Slightly disgaree,Totally disagree,Totally agree,Totally agree,Totally agree,Totally disagree,Slightly agree,Slightly agree,"Douwe Egberts,Lavazza,Nespresso",1,3,2,,,,,,Very satisfied,2-3 times per month,Supermarket,3,1,6,5,2,4,7,Consistent,Very consistent,Inconsistent,,Unlikely,Likely,Unlikely,,Quite important,Female,24,
2020-10-03 14:12:08,2020-10-03 14:55:45,IP Address,217.105.100.155,100,2617,True,2020-10-03 14:55:46,R_3QLvxoZ3aUq6iP8,,,,,53.2252960205078125,6.581298828125,anonymous,NL,Daily,Yes,Agree,Agree,Agree,Totally agree,Totally agree,Slightly disgaree,Slightly disgaree,Totally agree,Totally agree,Totally agree,Slightly disgaree,Slightly agree,Totally agree,"Douwe Egberts,Other,Segafredo",1,,,,,3,2,Kanis & Gunnink,Very satisfied,1 time per week,Supermarket,4,1,6,5,2,3,7,Consistent,Consistent,Inconsistent,,Very likely,Very likely,Likely,,Vey important,Female,71,
2020-10-03 16:28:33,2020-10-03 16:36:29,IP Address,84.28.229.6,100,476,True,2020-10-03 16:36:30,R_5gojmN0jLVCPDgd,,,,,53.218902587890625,6.5475006103515625,anonymous,EN,Daily,Yes,Agree,Agree,Agree,Slightly agree,Totally agree,Neutral,Slightly disgaree,Totally agree,Totally agree,Slightly agree,Totally disagree,Slightly agree,Slightly agree,"Douwe Egberts,Starbucks,Nespresso",1,3,,2,,,,,Very satisfied,more than 2-3 per week,Supermarket,4,3,5,1,2,6,7,Inconsistent,Very consistent,Neutral,,Unlikely,Likely,Likely,,Neutral,Male,23,
2020-10-03 21:03:36,2020-10-03 21:09:20,IP Address,82.95.77.148,100,343,True,2020-10-03 21:09:20,R_2VgToPYDHkb3aet,,,,,52.9109039306640625,5.4535064697265625,anonymous,NL,Daily,Yes,Slightly agree,Slightly agree,Neutral,Slightly agree,Totally agree,Slightly disgaree,Slightly disgaree,Totally agree,Slightly agree,Totally agree,Slightly disgaree,Slightly agree,Neutral,Douwe Egberts,1,,,,,,,,Very satisfied,2-3 times per month,Supermarket,3,5,1,2,4,6,7,Consistent,Very consistent,Consistent,"Keuken is waar Douwe Egberts al wordt gebruikt, dus dat zou de meest logische stap zijn, denk ik. ",Neutral,Neutral,Neutral,,Quite important,Female,20,
2020-10-04 11:00:37,2020-10-04 11:04:39,IP Address,77.161.68.170,100,242,True,2020-10-04 11:04:41,R_29hoAdlk2dgtuK2,,,,,51.99530029296875,4.471405029296875,anonymous,NL,Daily,Yes,Neutral,Neutral,Disagree,Slightly agree,Slightly agree,Neutral,Neutral,Slightly agree,Slightly agree,Slightly agree,Slightly agree,Slightly agree,Slightly agree,"Nespresso,Douwe Egberts,Lavazza",2,1,3,,,,,,Satisfied,2-3 per year,Supermarket,1,2,3,4,5,6,7,Inconsistent,Neutral,Neutral,,Neutral,Unlikely,Very unlikely,,Quite important,Male,29,
2020-10-04 11:17:51,2020-10-04 11:21:34,IP Address,85.147.109.91,100,223,True,2020-10-04 11:21:35,R_cUVk9h9OPYmIp7r,,,,,53.2333984375,6.51080322265625,anonymous,EN,Weekly,Yes,Slightly agree,Agree,Neutral,Slightly agree,Slightly agree,Neutral,Neutral,Slightly agree,Neutral,Slightly disgaree,Slightly disgaree,Slightly agree,Slightly disgaree,"Nespresso,Lavazza,Starbucks",,1,2,3,,,,,Satisfied,1 time per year,Coffee machines,3,4,2,1,5,6,7,Neutral,Consistent,Neutral,,Neutral,Neutral,Neutral,,Quite important,Male,28,
2020-10-04 13:16:35,2020-10-04 13:20:58,IP Address,85.149.29.110,100,263,True,2020-10-04 13:20:59,R_2PvCFlOfdd1LZma,,,,,53.2328948974609375,6.567901611328125,anonymous,EN,Weekly,Yes,Slightly agree,Agree,Slightly disagree,Neutral,Slightly agree,Slightly disgaree,Neutral,Slightly agree,Slightly agree,Slightly agree,Neutral,Slightly agree,Neutral,"Nespresso,Douwe Egberts",2,1,,,,,,,Satisfied,2-3 per year,Supermarket,6,2,4,3,1,5,7,Neutral,Consistent,Neutral,,Likely,Likely,Likely,,Quite important,Male,30,
2020-10-04 14:37:52,2020-10-04 14:41:44,IP Address,62.45.103.153,100,231,True,2020-10-04 14:41:44,R_2DSMiDnl5SBNivk,,,,,52.3462066650390625,6.854095458984375,anonymous,NL,Daily,Yes,Neutral,Agree,Disagree,Slightly agree,Slightly agree,Neutral,Neutral,Slightly agree,Neutral,Neutral,Neutral,Neutral,Neutral,"Lavazza,Nespresso,Segafredo",,2,1,,,3,,,Neutral,1 time per year,Coffee machines,4,1,3,2,5,6,7,Neutral,Neutral,Neutral,,Neutral,Neutral,Likely,,Quite important,Male,30,
2020-10-04 18:26:48,2020-10-04 18:30:11,IP Address,84.28.229.6,100,203,True,2020-10-04 18:30:12,R_b711dOUOCZnID7P,,,,,53.218902587890625,6.5475006103515625,anonymous,EN,Weekly,Yes,Agree,Agree,Agree,Totally agree,Slightly agree,Slightly disgaree,Slightly disgaree,Totally agree,Totally agree,Slightly agree,Slightly disgaree,Totally agree,Totally agree,"Douwe Egberts,Other",1,,,,,,2,,Very satisfied,1 time per week,Supermarket,4,1,5,2,3,6,7,Inconsistent,Very consistent,Neutral,,Unlikely,Likely,Neutral,,Quite unimportant,Female,83,
2020-10-04 18:49:35,2020-10-04 18:56:48,IP Address,84.28.229.6,100,433,True,2020-10-04 18:56:49,R_2zhGwZmwgkyTQH0,,,,,53.218902587890625,6.5475006103515625,anonymous,EN,Weekly,Yes,Neutral,Agree,Slightly agree,Slightly agree,Slightly agree,Slightly disgaree,Slightly disgaree,Neutral,Slightly agree,Slightly agree,Totally disagree,Slightly agree,Slightly agree,"Douwe Egberts,Other",1,,,,,,2,K en g,Very satisfied,1 time per week,Supermarket,5,2,3,1,4,7,6,Neutral,Consistent,Neutral,,Neutral,Likely,Neutral,,Neutral,Female,79,
2020-10-04 20:33:55,2020-10-04 20:37:50,IP Address,82.169.82.233,100,235,True,2020-10-04 20:37:52,R_1g10wbjD1NAasyV,,,,,53.0402069091796875,5.6685943603515625,anonymous,NL,Never,Yes,Neutral,Neutral,Neutral,Neutral,Neutral,Neutral,Neutral,Neutral,Neutral,Neutral,Neutral,Neutral,Neutral,"Douwe Egberts,Nespresso,Starbucks",1,2,,3,,,,,Neutral,1 time per year,Supermarket,2,1,4,6,5,3,7,Neutral,Neutral,Neutral,,Neutral,Unlikely,Very unlikely,,Neutral,Male,30,
2020-10-04 21:00:46,2020-10-04 21:04:54,IP Address,217.105.100.155,100,248,True,2020-10-04 21:04:56,R_12lljI7LVg7wGRX,,,,,53.2252960205078125,6.581298828125,anonymous,NL,Monthly,Yes,Neutral,Neutral,Neutral,Slightly disgaree,Slightly agree,Neutral,Neutral,Neutral,Neutral,Neutral,Neutral,Neutral,Neutral,"Douwe Egberts,Nespresso,Starbucks",1,2,,3,,,,,Satisfied,Never,,,,,,,,,Neutral,Consistent,Inconsistent,,Very unlikely,Very unlikely,Likely,,Neutral,Male,15,
2020-10-05 10:44:36,2020-10-05 10:55:07,IP Address,193.32.249.138,100,630,True,2020-10-05 10:55:09,R_2zZ7NORSorF4vNb,,,,,52.3385009765625,4.9167938232421875,anonymous,NL,Daily,Yes,Slightly agree,Slightly agree,Neutral,Slightly disgaree,Totally agree,Totally disagree,Totally disagree,Totally agree,Slightly disgaree,Totally disagree,Totally disagree,Totally agree,Totally disagree,"Illy,Lavazza",,,2,,1,,,,Satisfied,1 time per month,Supermarket,5,4,1,2,3,6,7,Very inconsistent,Inconsistent,Very inconsistent,het klinkt allemaal zo buiten de cocoon waarin ik graag in waan als ik even geniet van een kopje koffie. Dat gevoel zou enorm verwateren/inflateren als dat voor een ander product 'misbruikt' wordt,Very unlikely,Unlikely,Very unlikely,"keukengerei heeft eventueel nog iets te maken met koffiezetten - maar mijn beleving en de kracht van het merk zit niet op een praktisch/gebruik-vlak, maar op een gevoels-gebied. Daar zie ik liever geen keukengerei bij staan",Quite important,Male,53,interessant - scheert alle mogelijk spectra van mijn gevoel bij DE wel een beetje over 1 kam misschien
2020-10-05 12:23:22,2020-10-05 12:26:30,IP Address,82.72.120.142,100,188,True,2020-10-05 12:26:31,R_2ruuNjEIesxzC71,,,,,53.1925048828125,6.5550994873046875,anonymous,NL,Never,Yes,Disagree,Disagree,Neutral,Neutral,Slightly agree,Neutral,Slightly disgaree,Neutral,Neutral,Neutral,Totally disagree,Neutral,Neutral,Starbucks,,,,1,,,,,Neutral,Never,,,,,,,,,Very inconsistent,Consistent,Very inconsistent,,Neutral,Neutral,Neutral,,Quite important,Female,22,
2020-10-05 12:14:09,2020-10-05 12:29:53,IP Address,185.65.134.164,100,944,True,2020-10-05 12:29:53,R_1NeHzHYBPbywyHE,,,,,52.3759002685546875,4.8975067138671875,anonymous,EN,Never,Yes,Agree,Agree,Neutral,Slightly agree,Totally agree,Totally disagree,Slightly disgaree,Slightly agree,Neutral,Slightly disgaree,Totally disagree,Totally agree,Slightly agree,Douwe Egberts,1,,,,,,,,Satisfied,2-3 per year,Supermarket,3,4,1,2,5,6,7,Consistent,Neutral,Inconsistent,,Neutral,Neutral,Very unlikely,,Quite important,Female,47,
2020-10-05 12:32:14,2020-10-05 12:35:48,IP Address,217.105.100.155,100,213,True,2020-10-05 12:35:48,R_ezHcmD71cZs26bv,,,,,53.2252960205078125,6.581298828125,anonymous,NL,Daily,Yes,Agree,Agree,Agree,Slightly agree,Totally agree,Slightly disgaree,Slightly disgaree,Totally agree,Totally agree,Totally agree,Slightly disgaree,Slightly agree,Slightly agree,"Douwe Egberts,Segafredo,Other",1,,,,,2,3,Kanis & Gunnink,Very satisfied,1 time per week,Supermarket,4,1,5,6,2,3,7,Consistent,Consistent,Consistent,,Very likely,Very likely,Very likely,,Vey important,Male,76,
2020-10-05 12:38:14,2020-10-05 12:41:27,IP Address,84.86.145.5,100,193,True,2020-10-05 12:41:31,R_3MGq55R6jKoxQ2J,,,,,53.2274932861328125,6.543304443359375,anonymous,NL,Never,Yes,Neutral,Neutral,Neutral,Neutral,Slightly agree,Neutral,Neutral,Neutral,Slightly agree,Slightly agree,Slightly agree,Neutral,Slightly agree,"Lavazza,Douwe Egberts",2,,1,,,,,,Neutral,Never,,,,,,,,,Consistent,Consistent,Inconsistent,Bureau accesoires hebben niks te maken met de markt van Douwe egberts in mijn opzicht.,Likely,Unlikely,Unlikely,-,Quite important,Female,22,
2020-10-05 13:12:59,2020-10-05 13:16:30,IP Address,81.207.130.89,100,210,True,2020-10-05 13:16:31,R_3O7zf8D6Us9vIzP,,,,,53.1378021240234375,6.423797607421875,anonymous,NL,Daily,Yes,Slightly agree,Slightly disagree,Neutral,Slightly agree,Slightly agree,Neutral,Neutral,Totally agree,Slightly agree,Slightly agree,Slightly disgaree,Slightly agree,Neutral,"Illy,Douwe Egberts,Nespresso",2,3,,,1,,,,Satisfied,2-3 per year,Cafe,3,4,2,1,5,6,7,Neutral,Inconsistent,Very inconsistent,,Neutral,Neutral,Very unlikely,,Neutral,Female,23,
2020-10-05 13:29:40,2020-10-05 13:33:31,IP Address,87.208.4.167,100,230,True,2020-10-05 13:33:31,R_2Eygvkg7zisdxdw,,,,,53.222198486328125,6.56640625,anonymous,NL,Daily,Yes,Neutral,Neutral,Slightly agree,Neutral,Slightly agree,Neutral,Slightly disgaree,Slightly agree,Slightly agree,Slightly agree,Neutral,Neutral,Neutral,"Nespresso,Douwe Egberts,Lavazza",2,1,3,,,,,,Neutral,1 time per month,Coffee machines,2,1,4,3,5,6,7,Inconsistent,Inconsistent,Inconsistent,,Very unlikely,Very unlikely,Very unlikely,,Quite important,Female,22,
2020-10-05 13:31:45,2020-10-05 13:36:42,IP Address,87.208.4.167,100,297,True,2020-10-05 13:36:44,R_W3bgGGK1VVORSPD,,,,,53.222198486328125,6.56640625,anonymous,NL,Daily,Yes,Neutral,Slightly agree,Neutral,Slightly agree,Totally agree,Slightly disgaree,Slightly disgaree,Totally agree,Slightly agree,Slightly agree,Slightly disgaree,Slightly agree,Neutral,"Nespresso,Douwe Egberts,Lavazza",2,1,3,,,,,,Satisfied,1 time per month,Supermarket,2,3,5,4,1,6,7,Inconsistent,Consistent,Neutral,Niet passend,Very unlikely,Likely,Unlikely,,Quite important,Female,22,
2020-10-05 13:30:38,2020-10-05 13:37:46,IP Address,217.120.183.243,100,427,True,2020-10-05 13:37:46,R_1Kx7Fz5LhGjupge,,,,,53.06640625,5.5260009765625,anonymous,NL,Daily,Yes,Agree,Agree,Neutral,Totally agree,Neutral,Neutral,Slightly agree,Totally agree,Slightly agree,Totally agree,Neutral,Neutral,Slightly agree,"Douwe Egberts,Lavazza",1,,2,,,,,,Very satisfied,1 time per month,Supermarket,2,1,5,3,4,6,7,Neutral,Consistent,Neutral,,Very unlikely,Very unlikely,Very unlikely,,Neutral,Male,30,
2020-10-05 12:56:39,2020-10-05 14:15:20,IP Address,217.105.100.155,100,4721,True,2020-10-05 14:15:22,R_2cuXIwzLjiw2kjM,,,,,53.2252960205078125,6.581298828125,anonymous,NL,Daily,Yes,Agree,Agree,Agree,Slightly agree,Totally agree,Totally disagree,Slightly disgaree,Totally agree,Slightly agree,Slightly agree,Slightly disgaree,Neutral,Slightly agree,"Douwe Egberts,Nespresso,Other",1,2,,,,,3,Kanis & Gunnink,Very satisfied,1 time per month,Supermarket,4,1,5,2,3,6,7,Inconsistent,Inconsistent,Inconsistent,,Unlikely,Unlikely,Unlikely,,Quite important,Female,78,
2020-10-05 14:17:48,2020-10-05 14:33:37,IP Address,217.105.100.155,100,949,True,2020-10-05 14:33:39,R_sA98k7QN7LLyqAh,,,,,53.2252960205078125,6.581298828125,anonymous,NL,Daily,Yes,Agree,Agree,Disagree,Neutral,Slightly agree,Neutral,Neutral,Slightly agree,Slightly agree,Slightly agree,Slightly disgaree,Slightly agree,Neutral,Douwe Egberts,1,,,,,,,,Very satisfied,1 time per month,Supermarket,3,1,6,4,2,5,7,Inconsistent,Consistent,Very inconsistent,,Likely,Likely,Very unlikely,,Vey important,Male,82,
2020-10-05 14:44:50,2020-10-05 14:49:19,IP Address,109.37.132.63,100,268,True,2020-10-05 14:49:20,R_3ew420DkyLiWmre,,,,,52.1820068359375,5.403594970703125,anonymous,NL,Daily,Yes,Agree,Agree,Disagree,Totally agree,Neutral,Totally disagree,Totally disagree,Totally agree,Neutral,Neutral,Totally disagree,Slightly agree,Totally disagree,Illy,,,,,1,,,,Unsatisfied,Never,,,,,,,,,Inconsistent,Very consistent,Inconsistent,,Unlikely,Likely,Unlikely,,Quite important,Male,53,
2020-10-05 14:48:27,2020-10-05 14:50:52,IP Address,213.127.44.235,100,144,True,2020-10-05 14:50:52,R_2zAshrhhsrqVrdk,,,,,52.3426055908203125,4.86309814453125,anonymous,NL,Daily,Yes,Slightly agree,Neutral,Disagree,Neutral,Slightly disgaree,Slightly disgaree,Slightly disgaree,Neutral,Neutral,Totally disagree,Slightly disgaree,Slightly disgaree,Slightly disgaree,"Nespresso,Illy,Other",,1,,,2,,3,Peeze,Unsatisfied,2-3 times per month,Coffee machines,3,2,1,4,5,6,7,Very inconsistent,Consistent,Neutral,,Neutral,Neutral,Neutral,,Quite important,Male,23,
2020-10-05 14:46:56,2020-10-05 14:51:36,IP Address,82.73.162.51,100,279,True,2020-10-05 14:51:37,R_2uCCBhciX9DU8DU,,,,,53.222198486328125,6.56640625,anonymous,NL,Weekly,Yes,Slightly agree,Slightly disagree,Neutral,Neutral,Neutral,Neutral,Slightly agree,Totally agree,Slightly agree,Slightly agree,Neutral,Neutral,Slightly disgaree,"Nespresso,Douwe Egberts,Starbucks",2,1,,3,,,,,Satisfied,1 time per month,Supermarket,4,3,2,1,5,6,7,Inconsistent,Consistent,Very inconsistent,,Unlikely,Neutral,Very unlikely,"Het hoort bij je start van de dag, dus ontbijt, dus in de keuken",Neutral,Male,22,
2020-10-05 14:46:34,2020-10-05 14:57:47,IP Address,94.215.208.81,100,673,True,2020-10-05 14:57:48,R_3Ko5X6bT6yahkyd,,,,,52.69580078125,6.1956024169921875,anonymous,NL,Daily,Yes,Agree,Agree,Neutral,Totally agree,Totally agree,Totally disagree,Totally disagree,Totally agree,Slightly agree,Slightly agree,Slightly disgaree,Totally agree,Slightly agree,"Segafredo,Illy,Lavazza",,,3,,2,1,,,Neutral,2-3 per year,Coffee machines,4,3,2,1,5,6,7,Consistent,Consistent,Consistent,,Neutral,Neutral,Neutral,,Vey important,Female,55,
2020-10-05 15:10:46,2020-10-05 15:17:06,IP Address,62.133.100.8,100,380,True,2020-10-05 15:17:06,R_2VE1ATFNFft0gU5,,,,,52.3428955078125,4.8966064453125,anonymous,NL,Daily,Yes,Agree,Slightly agree,Agree,Totally agree,Totally agree,Totally disagree,Neutral,Totally agree,Totally agree,Slightly agree,Totally disagree,Totally agree,Slightly agree,"Illy,Nespresso,Segafredo",,2,,,1,3,,,Satisfied,2-3 per year,Cafe,3,1,5,2,6,4,7,Consistent,Consistent,Consistent,,Likely,Likely,Neutral,,Quite important,Male,57,
2020-10-05 15:13:47,2020-10-05 15:18:48,IP Address,188.206.108.110,100,301,True,2020-10-05 15:18:48,R_s7PricLkoj1Ksbn,,,,,52.0973052978515625,5.0951995849609375,anonymous,NL,Daily,Yes,Slightly agree,Slightly agree,Agree,Slightly disgaree,Totally agree,Totally disagree,Totally disagree,Totally agree,Neutral,Totally agree,Totally disagree,Slightly agree,Totally disagree,"Starbucks,Douwe Egberts,Nespresso",2,3,,1,,,,,Satisfied,1 time per month,Supermarket,6,3,1,4,5,2,7,Very inconsistent,Consistent,Very inconsistent,,Neutral,Neutral,Neutral,,Quite important,Female,55,Ik ga voor een product dat mij aanspreekt en mij goed lijkt. Dan maakt de merknaam mij niet uit
2020-10-05 15:17:19,2020-10-05 15:20:25,IP Address,94.214.199.230,100,186,True,2020-10-05 15:20:28,R_1pYlodtpWMvXT79,,,,,53.2274932861328125,6.543304443359375,anonymous,NL,Daily,Yes,Neutral,Neutral,Slightly disagree,Neutral,Slightly agree,Slightly disgaree,Slightly disgaree,Slightly agree,Slightly agree,Slightly agree,Slightly disgaree,Neutral,Slightly agree,"Douwe Egberts,Nespresso,Other",1,2,,,,,3,Perla,Satisfied,1 time per year,Supermarket,1,4,2,3,5,6,7,Inconsistent,Consistent,Inconsistent,,Neutral,Neutral,Neutral,,Quite important,Male,23,
2020-10-05 15:37:07,2020-10-05 15:44:14,IP Address,194.53.161.146,100,426,True,2020-10-05 15:44:14,R_3JrdZSX1GI2UKcL,,,,,51.955596923828125,5.843505859375,anonymous,NL,Monthly,Yes,Disagree,Disagree,Disagree,Neutral,Neutral,Neutral,Slightly disgaree,Totally agree,Totally agree,Totally agree,Slightly disgaree,Neutral,Totally disagree,"Douwe Egberts,Nespresso",1,2,,,,,,,Neutral,Never,,,,,,,,,Inconsistent,Inconsistent,Very consistent,koffie associeer ik met werken,Very unlikely,Very unlikely,Neutral,,Quite important,Female,24,
2020-10-05 18:55:11,2020-10-05 18:59:23,IP Address,217.105.100.155,100,252,True,2020-10-05 18:59:23,R_8qN09sOw8TpYVMt,,,,,53.2252960205078125,6.581298828125,anonymous,NL,Daily,Yes,Neutral,Slightly agree,Slightly disagree,Totally disagree,Totally agree,Slightly agree,Slightly agree,Neutral,Slightly agree,Neutral,Neutral,Slightly agree,Slightly agree,"Starbucks,Douwe Egberts,Nespresso",2,3,,1,,,,,Satisfied,Never,,,,,,,,,Very consistent,Consistent,Very inconsistent,,Likely,Likely,Unlikely,,Quite important,Female,19,
2020-10-05 18:56:37,2020-10-05 18:59:43,IP Address,217.105.100.155,100,186,True,2020-10-05 18:59:45,R_1gLyYJmILSigt1Y,,,,,53.2252960205078125,6.581298828125,anonymous,NL,Daily,Yes,Neutral,Neutral,Slightly disagree,Neutral,Neutral,Neutral,Totally agree,Neutral,Neutral,Slightly agree,Neutral,Neutral,Neutral,"Nespresso,Starbucks,Douwe Egberts",3,1,,2,,,,,Neutral,Never,,,,,,,,,Very inconsistent,Consistent,Inconsistent,,Unlikely,Neutral,Neutral,,Neutral,Female,20,
2020-10-05 18:57:01,2020-10-05 19:02:47,IP Address,217.105.100.155,100,346,True,2020-10-05 19:02:49,R_25QT2P7Dpg8EEou,,,,,53.2252960205078125,6.581298828125,anonymous,NL,Daily,Yes,Slightly agree,Disagree,Neutral,Slightly disgaree,Totally agree,Slightly disgaree,Slightly agree,Slightly agree,Totally agree,Slightly agree,Slightly disgaree,Slightly agree,Slightly disgaree,"Starbucks,Douwe Egberts,Nespresso",2,3,,1,,,,,Satisfied,2-3 per year,Cafe,4,2,3,5,1,6,7,Inconsistent,Consistent,Very inconsistent,"Textiel sluit aan bij bijv. de caf√©s, keukengerei bij de koffie/het eten",Unlikely,Unlikely,Very unlikely,,Neutral,Female,21,
2020-10-05 21:26:52,2020-10-05 21:29:47,IP Address,77.60.213.38,100,175,True,2020-10-05 21:29:49,R_3R8klNVMXYHLJUA,,,,,52.3795013427734375,4.8777008056640625,anonymous,EN,Weekly,Yes,Neutral,Agree,Neutral,Totally agree,Totally agree,Neutral,Totally disagree,Totally agree,Totally agree,Neutral,Slightly disgaree,Slightly agree,Slightly disgaree,"Nespresso,Lavazza,Starbucks",,1,2,3,,,,,Neutral,Never,,,,,,,,,Inconsistent,Consistent,Very inconsistent,,Unlikely,Unlikely,Very unlikely,,Vey important,Female,22,No
2020-10-05 22:00:03,2020-10-05 22:05:48,IP Address,87.208.3.237,100,345,True,2020-10-05 22:05:48,R_1JKk36bKA0NDyWG,,,,,53.2306060791015625,6.5503997802734375,anonymous,NL,Daily,Yes,Slightly agree,Neutral,Slightly agree,Slightly agree,Totally agree,Slightly disgaree,Totally disagree,Totally agree,Totally agree,Slightly agree,Slightly disgaree,Slightly agree,Neutral,"Douwe Egberts,Segafredo,Other",1,,,,,2,3,Max Havelaar,Satisfied,2-3 times per month,Coffee machines,6,1,5,4,2,3,7,Consistent,Very consistent,Inconsistent,,Unlikely,Very likely,Unlikely,,Quite important,Male,25,
2020-10-05 23:13:02,2020-10-05 23:20:28,IP Address,217.120.179.26,100,446,True,2020-10-05 23:20:29,R_1rw4LooCkl60IDv,,,,,53.06640625,5.5260009765625,anonymous,NL,Daily,Yes,Agree,Slightly agree,Agree,Slightly agree,Neutral,Slightly agree,Slightly agree,Slightly agree,Slightly agree,Slightly disgaree,Slightly disgaree,Slightly disgaree,Slightly disgaree,"Douwe Egberts,Lavazza",1,,2,,,,,,Very satisfied,1 time per week,Supermarket,5,1,6,4,2,3,7,Consistent,Consistent,Inconsistent,,Likely,Likely,Unlikely,,Quite important,Female,53,
2020-10-05 23:37:22,2020-10-05 23:40:52,IP Address,217.120.183.243,100,209,True,2020-10-05 23:40:53,R_3GxNZKy1JEXy0De,,,,,53.06640625,5.5260009765625,anonymous,NL,Weekly,Yes,Neutral,Neutral,Neutral,Neutral,Totally agree,Neutral,Totally agree,Totally agree,Neutral,Totally agree,Slightly agree,Neutral,Slightly agree,"Douwe Egberts,Illy,Lavazza",1,,3,,2,,,,Very satisfied,1 time per week,Supermarket,3,1,2,4,5,7,6,Very consistent,Very consistent,Neutral,,Very unlikely,Very unlikely,Very unlikely,,Neutral,Female,25,
2020-10-06 11:12:58,2020-10-06 11:18:11,IP Address,82.73.251.230,100,313,True,2020-10-06 11:18:12,R_2rC66DA6f8jlmyS,,,,,53.0919952392578125,6.674896240234375,anonymous,NL,Daily,Yes,Slightly disagree,Disagree,Slightly agree,Slightly disgaree,Neutral,Slightly agree,Slightly agree,Totally agree,Slightly agree,Totally agree,Neutral,Neutral,Neutral,"Starbucks,Douwe Egberts,Lavazza",2,,3,1,,,,,Satisfied,1 time per month,Supermarket,6,1,4,3,2,5,7,Inconsistent,Neutral,Very inconsistent,,Likely,Neutral,Likely,,Quite unimportant,Male,21,
2020-10-06 11:15:36,2020-10-06 11:18:29,IP Address,94.212.57.143,100,173,True,2020-10-06 11:18:29,R_33fAUX5Mh0yJupN,,,,,53.2328948974609375,6.567901611328125,anonymous,NL,Daily,Yes,Agree,Neutral,Slightly disagree,Slightly agree,Slightly agree,Totally disagree,Totally disagree,Totally agree,Slightly agree,Slightly agree,Totally disagree,Slightly agree,Neutral,"Nespresso,Lavazza,Starbucks",,1,2,3,,,,,Satisfied,Never,,,,,,,,,Inconsistent,Very consistent,Inconsistent,-,Very unlikely,Likely,Very unlikely,-,Neutral,Female,23,-
2020-10-06 11:19:03,2020-10-06 11:21:43,IP Address,84.84.177.97,100,160,True,2020-10-06 11:21:44,R_1ibBjhP5oINc5R4,,,,,53.19549560546875,6.5731964111328125,anonymous,NL,Never,Yes,Neutral,Slightly disagree,Neutral,Neutral,Neutral,Neutral,Slightly disgaree,Slightly agree,Slightly agree,Neutral,Slightly disgaree,Neutral,Neutral,Other,,,,,,,1,AH,Neutral,Never,,,,,,,,,Consistent,Neutral,Very inconsistent,Koffietextiel lijkt leuk bij koffie,Likely,Likely,Very unlikely,,Neutral,Female,32,Nee
2020-10-06 11:20:23,2020-10-06 11:27:42,IP Address,82.73.251.230,100,438,True,2020-10-06 11:27:44,R_1ePCEGs1VglAFmh,,,,,53.0919952392578125,6.674896240234375,anonymous,NL,Daily,Yes,Slightly agree,Slightly agree,Disagree,Neutral,Slightly agree,Totally disagree,Neutral,Slightly agree,Slightly agree,Slightly agree,Slightly agree,Slightly agree,Neutral,Douwe Egberts,1,,,,,,,,Satisfied,2-3 per year,Supermarket,2,1,3,5,4,6,7,Consistent,Very consistent,Neutral,,Unlikely,Likely,Neutral,,Quite important,Female,57,
